序号,rms,flux_normalized,dominant_bins,centroid,low_high_ratio,peak_count,,,,,,,,,,,,,
1,116.63,1.56,11,1875.2,1.08,5,,,,,,,,,,,,,
2,197.88,49.97,68,2833.4,0.35,27,,,,,,,,,,,,,
3,315.03,8.24,283,3268.8,0.15,100,,,,,,,,,,,,,
4,173.31,3.26,106,2887.7,0.37,57,,,,,,,,,,,,,
5,126.85,2.86,83,2817.5,0.38,34,,,,,,,,,,,,,
6,152.51,1.41,14,1785.5,1.28,3,,,,,,,,,,,,,
7,146.48,0.85,20,2347.5,0.85,4,,,,,,,,,,,,,
8,106.7,2.55,58,2909.7,0.49,23,,,,,,,,,,,,,
9,110.91,1.4,15,2137.5,1.01,4,,,,,,,,,,,,,
10,109.58,1.69,18,1444.2,1.85,5,,,,,,,,,,,,,
11,91.48,0.39,23,1382.2,1.64,11,,,,,,,,,,,,,
12,83.26,1.15,34,1381.9,1.33,14,,,,,,,,,,,,,
13,221.26,6.66,16,1691.1,1.06,4,,,,,,,,,,,,,
14,128.85,2.48,28,1691.5,0.85,11,,,,,,,,,,,,,
15,284.69,7.33,21,1365.7,1.51,6,,,,,,,,,,,,,
16,292.34,9.61,24,1329.5,1.64,8,,,,,,,,,,,,,
17,315.94,8.2,26,1315.4,1.66,8,,,,,,,,,,,,,
18,284.23,6.74,16,1506.8,1.27,8,,,,,,,,,,,,,
19,408.93,6.25,19,1358.6,1.56,7,,,,,,,,,,,,,
20,448.29,22.08,13,1531.8,1.51,5,,,,,,,,,,,,,
21,512.47,11.21,14,1585.2,1.27,6,,,,,,,,,,,,,
22,354.04,13.68,22,1635.2,1.4,9,,,,,,,,,,,,,
23,296.92,16.29,40,2351.1,0.65,19,,,,,,,,,,,,,
24,263.15,6.48,40,2406.8,0.49,13,,,,,,,,,,,,,
25,281.9,4.22,18,1982.7,0.93,5,,,,,,,,,,,,,
26,253.54,11.96,31,1249.3,1.42,12,,,,,,,,,,,,,
27,335.15,4.82,15,1117.1,1.11,5,,,,,,,,,,,,,
28,310.36,3.06,23,1064,1.49,9,,,,,,,,,,,,,
29,196.6,10.29,20,1227.1,1.48,12,,,,,,,,,,,,,
30,420.64,21.21,79,2770.8,0.26,42,,,,,,,,,,,,,
31,316.56,25.84,31,2684.1,0.42,7,,,,,,,,,,,,,
32,726.27,91.62,118,3319.2,0.13,55,,,,,,,,,,,,,
33,271.93,10.79,33,3398.3,0.32,13,,,,,,,,,,,,,
34,744.61,109.68,224,3105,0.11,92,,,,,,,,,,,,,
35,216.79,22.78,10,2070.5,0.94,4,,,,,,,,,,,,,
36,183.65,3.14,33,1996,0.9,13,,,,,,,,,,,,,
37,134.09,8.05,24,2198.4,0.93,6,,,,,,,,,,,,,
38,234.63,6.52,18,1834.5,1.3,6,,,,,,,,,,,,,
39,266.44,14.61,16,1994.9,1.04,4,,,,,,,,,,,,,
40,291.17,4.97,12,2250.4,0.89,4,,,,,,,,,,,,,
41,246.7,5.23,30,2256.2,0.76,13,,,,,,,,,,,,,
42,195.44,22.71,13,1932.7,0.86,5,,,,,,,,,,,,,
43,254.63,6.25,13,2305.4,0.87,3,,,,,,,,,,,,,
44,310.3,16.81,22,1243.5,1.17,11,,,,,,,,,,,,,
45,299.79,10.17,9,2373.6,0.93,6,,,,,,,,,,,,,
46,670.81,90.82,205,3865.4,0.2,63,,,,,,,,,,,,,
47,290.97,7.93,28,2341.4,0.63,11,,,,,,,,,,,,,
48,300.07,5.7,14,2337.2,0.75,5,,,,,,,,,,,,,
49,368.01,16.17,27,1630.7,1.49,15,,,,,,,,,,,,,
50,458.41,37.85,33,2175.4,0.83,11,,,,,,,,,,,,,
51,352.77,8.58,42,2429.9,0.68,18,,,,,,,,,,,,,
52,352.73,17.61,13,2453.8,0.76,4,,,,,,,,,,,,,
53,621.67,69.67,29,1588.2,1.48,18,,,,,,,,,,,,,
54,510.9,31.09,33,2070.4,1.02,17,,,,,,,,,,,,,
55,563.32,36.19,41,2345.2,0.84,14,,,,,,,,,,,,,
56,545.74,56.38,18,1993.6,1.19,11,,,,,,,,,,,,,
57,652.07,61.48,31,1404.3,0.75,13,,,,,,,,,,,,,
58,541.14,56.25,29,1203.2,1.25,12,,,,,,,,,,,,,
59,444.94,25.85,35,1607.8,0.99,17,,,,,,,,,,,,,
60,387.23,40.68,47,2556,0.39,18,,,,,,,,,,,,,
61,378.67,20.99,20,2365.6,0.65,8,,,,,,,,,,,,,
62,333.72,22.82,38,2209.2,0.61,10,,,,,,,,,,,,,
63,390.96,21.28,10,2049.6,1.11,4,,,,,,,,,,,,,
64,363.25,31.18,11,2425.1,0.75,4,,,,,,,,,,,,,
65,323.56,9.89,18,2082.8,0.97,5,,,,,,,,,,,,,
66,408.46,22.41,11,2235.1,1.01,6,,,,,,,,,,,,,
67,309.25,25.03,26,2441.5,0.84,7,,,,,,,,,,,,,
68,419.29,26.85,14,1796.1,1.35,5,,,,,,,,,,,,,
69,633.04,43.87,27,1277.8,0.96,16,,,,,,,,,,,,,
70,709.06,47.31,27,1342.4,0.82,14,,,,,,,,,,,,,
71,594.39,46.73,36,1364.7,0.91,18,,,,,,,,,,,,,
72,638.75,28.87,21,1180.5,2.2,7,,,,,,,,,,,,,
73,632.51,26.11,14,1066,2.8,8,,,,,,,,,,,,,
74,596.61,26.94,34,770.4,1.96,13,,,,,,,,,,,,,
75,715.28,44.79,25,1359.6,1.27,10,,,,,,,,,,,,,
76,365.31,11.99,19,2033.7,0.99,7,,,,,,,,,,,,,
77,403.73,19.08,12,2396.2,0.84,5,,,,,,,,,,,,,
78,263.7,4.18,26,2243.5,0.75,7,,,,,,,,,,,,,
79,364.39,12.32,36,2791.7,0.46,16,,,,,,,,,,,,,
80,139.92,20.33,40,1977.3,0.92,13,,,,,,,,,,,,,
81,342.5,29.94,61,2844.2,0.43,24,,,,,,,,,,,,,
82,273.04,9.06,51,2885.8,0.41,22,,,,,,,,,,,,,
83,269.13,3.02,23,1259.2,1.87,15,,,,,,,,,,,,,
84,148.01,4.76,31,2023.2,1.18,12,,,,,,,,,,,,,
85,409.06,12.18,32,1053.4,1.67,17,,,,,,,,,,,,,
86,432.46,15.95,35,1361.6,0.9,14,,,,,,,,,,,,,
87,356.91,39.79,41,2037.2,1.05,15,,,,,,,,,,,,,
88,196.16,3.04,34,2170,0.69,16,,,,,,,,,,,,,
89,1312.62,395.52,17,1363.3,0.54,6,,,,,,,,,,,,,
90,760.17,30.88,26,1579.6,0.58,10,,,,,,,,,,,,,
91,646.99,8.58,15,1644.7,0.64,8,,,,,,,,,,,,,
92,577.95,89.37,17,1663.5,0.64,10,,,,,,,,,,,,,
93,237.11,49.93,45,1759.3,1.1,15,,,,,,,,,,,,,
94,166.08,4.27,46,1864.5,0.8,20,,,,,,,,,,,,,
95,349.82,11.35,32,1332.7,1.01,16,,,,,,,,,,,,,
96,380.68,22.11,33,1087.7,1.17,14,,,,,,,,,,,,,
97,323.81,13.2,38,1196.7,1.18,18,,,,,,,,,,,,,
98,143.78,3.43,58,1474.7,1.05,29,,,,,,,,,,,,,
99,236.01,8.08,78,2930.9,0.39,30,,,,,,,,,,,,,
100,350.64,27.87,24,1530.8,1.73,8,,,,,,,,,,,,,
101,197.87,22.62,34,2958.8,0.62,11,,,,,,,,,,,,,
102,172.93,4.24,33,2221.1,0.9,13,,,,,,,,,,,,,
103,479.71,5.98,17,1312,1.6,8,,,,,,,,,,,,,
104,206.71,4.47,56,2929.3,0.5,24,,,,,,,,,,,,,
105,151.57,3.11,54,2572.4,0.61,17,,,,,,,,,,,,,
106,328.51,51.82,47,2271,0.79,21,,,,,,,,,,,,,
107,591.25,64.09,37,1061.9,1.64,18,,,,,,,,,,,,,
108,535.13,41.24,32,1144.6,1.56,10,,,,,,,,,,,,,
109,518.96,67.42,31,1089.3,1.71,17,,,,,,,,,,,,,
110,596.16,46.99,28,975.8,1.38,12,,,,,,,,,,,,,
111,947.54,92.42,19,1198.4,0.76,8,,,,,,,,,,,,,
112,590.62,92.17,63,1330.7,1,25,,,,,,,,,,,,,
113,795.38,27.95,36,1543.2,0.61,16,,,,,,,,,,,,,
114,822.42,66.62,20,1601.2,0.62,11,,,,,,,,,,,,,
115,593.41,49.99,38,1199.5,1.01,14,,,,,,,,,,,,,
116,642.75,59.21,33,1097.6,1.37,11,,,,,,,,,,,,,
117,329.04,20.17,36,1044.2,2.28,14,,,,,,,,,,,,,
118,152.62,10.21,32,1649.6,1.9,12,,,,,,,,,,,,,
119,156.51,3.89,53,1927.3,1.21,19,,,,,,,,,,,,,
120,279,15.14,30,2470.8,0.83,12,,,,,,,,,,,,,
121,460.33,31.87,23,1324.4,1.24,12,,,,,,,,,,,,,
122,907.74,164.52,19,1523.7,0.85,10,,,,,,,,,,,,,
123,903.98,88.73,22,1494.7,0.77,11,,,,,,,,,,,,,
124,505.93,27.23,19,1453.1,1.51,8,,,,,,,,,,,,,
125,436.07,17.26,29,1369,1.67,12,,,,,,,,,,,,,
126,539.3,22.8,34,1207,1.18,16,,,,,,,,,,,,,
127,756.32,23.96,21,1196.7,0.75,10,,,,,,,,,,,,,
128,634.82,50.21,31,1222.9,1.42,9,,,,,,,,,,,,,
129,513.36,34.87,35,935.5,1.5,16,,,,,,,,,,,,,
130,611.3,31.43,28,1304.6,1.39,16,,,,,,,,,,,,,
131,708.35,67,43,1380.4,1.03,26,,,,,,,,,,,,,
132,607.62,31.25,32,1164.4,1.86,16,,,,,,,,,,,,,
133,178.7,8.93,60,2176.3,0.78,29,,,,,,,,,,,,,
134,350.92,17.76,34,2109.2,0.98,14,,,,,,,,,,,,,
135,476.43,44.46,67,1578.8,0.7,32,,,,,,,,,,,,,
136,293.91,5.63,9,2245.2,0.88,3,,,,,,,,,,,,,
137,272.29,4.74,30,2361.7,0.71,9,,,,,,,,,,,,,
138,314.33,23.68,22,2223.1,0.92,10,,,,,,,,,,,,,
139,378.19,20.6,13,1935.2,1.13,5,,,,,,,,,,,,,
140,264.03,8.38,38,2338.4,0.8,17,,,,,,,,,,,,,
141,356.37,9.18,16,1967,1.04,5,,,,,,,,,,,,,
142,375.83,27.41,16,2134.1,1,5,,,,,,,,,,,,,
143,395.5,18.54,15,1499.6,1.12,7,,,,,,,,,,,,,
144,593,52.67,21,1356.2,1.83,8,,,,,,,,,,,,,
145,502.93,44.64,35,1169.6,2.11,14,,,,,,,,,,,,,
146,499.21,59.38,47,1213.4,1.53,16,,,,,,,,,,,,,
147,834.51,111,17,1341,1.41,11,,,,,,,,,,,,,
148,740.97,70.14,17,1350.5,1.27,9,,,,,,,,,,,,,
149,386.24,29.2,38,1050.1,2.45,11,,,,,,,,,,,,,
150,360.43,19.11,21,1818.9,1.34,11,,,,,,,,,,,,,
151,345.58,21.38,25,1725.3,1.49,14,,,,,,,,,,,,,
152,299.01,10.33,24,1934,1.28,8,,,,,,,,,,,,,
153,572.89,45.34,55,1409.5,0.79,25,,,,,,,,,,,,,
154,703.17,55.56,33,1299,1.01,15,,,,,,,,,,,,,
155,544.74,15.63,43,1224.1,1.13,18,,,,,,,,,,,,,
156,798.43,79.88,37,1064.9,1.82,16,,,,,,,,,,,,,
157,319.99,6.14,15,2312.9,0.97,5,,,,,,,,,,,,,
158,713.55,38.21,33,1363,0.84,17,,,,,,,,,,,,,
159,676.24,33.52,23,1237.9,1.09,12,,,,,,,,,,,,,
160,672.94,68.16,28,1327.9,1.13,11,,,,,,,,,,,,,
161,692.81,24.09,31,1298.5,1.36,14,,,,,,,,,,,,,
162,599.54,53.11,32,1412.4,1.17,17,,,,,,,,,,,,,
163,848.51,77.92,44,1050.2,1.63,20,,,,,,,,,,,,,
164,564.5,43.56,44,933,2.2,17,,,,,,,,,,,,,
165,601.1,43.78,47,1267.9,1.26,19,,,,,,,,,,,,,
166,574.76,38.44,19,1458.8,1,9,,,,,,,,,,,,,
167,624.25,46.81,32,1486.6,1.04,16,,,,,,,,,,,,,
168,559.85,25.45,32,1165.9,1.5,18,,,,,,,,,,,,,
169,398.41,10.57,30,1338.2,1.72,13,,,,,,,,,,,,,
170,464.09,6.41,38,1223.9,1.68,15,,,,,,,,,,,,,
171,538.61,26.3,31,1082.4,1.73,13,,,,,,,,,,,,,
172,431.47,12.72,51,1416.4,1.35,21,,,,,,,,,,,,,
173,482.96,25.79,33,1296.4,1.36,15,,,,,,,,,,,,,
174,470.86,30.25,40,1356.4,1.42,15,,,,,,,,,,,,,
175,448.79,38.96,75,1889.5,0.67,39,,,,,,,,,,,,,
176,449.85,25.36,23,1487,1.24,9,,,,,,,,,,,,,
177,418.58,24.21,36,1251.3,1.6,16,,,,,,,,,,,,,
178,337.6,14.42,25,1250.7,1.28,13,,,,,,,,,,,,,
179,450.24,18.33,37,1522,1.17,18,,,,,,,,,,,,,
180,416.03,5.99,24,1325.6,1.69,11,,,,,,,,,,,,,
181,455.01,18.64,34,1344.7,1.44,15,,,,,,,,,,,,,
182,598.16,45.78,42,1172.1,1.69,21,,,,,,,,,,,,,
183,523.61,30.47,51,1193.9,1.42,24,,,,,,,,,,,,,
184,836.02,93.61,20,1415.3,0.65,12,,,,,,,,,,,,,
185,805.1,47.01,18,1479.7,0.54,8,,,,,,,,,,,,,
186,900.2,27.82,17,1440.7,0.58,7,,,,,,,,,,,,,
187,996.87,60.68,23,1557.2,0.52,8,,,,,,,,,,,,,
188,922.49,128.86,27,1203.3,0.82,14,,,,,,,,,,,,,
189,892.39,101.11,24,1070.4,0.89,13,,,,,,,,,,,,,
190,858.77,37.19,21,1416.3,0.75,8,,,,,,,,,,,,,
191,842.55,110.46,23,1261.1,0.89,15,,,,,,,,,,,,,
192,625.52,100.59,45,1225.1,1.05,17,,,,,,,,,,,,,
193,498.51,42.51,37,939.2,1.72,16,,,,,,,,,,,,,
194,423.41,27.23,37,982.3,1.88,17,,,,,,,,,,,,,
195,584.48,35.63,24,1262.5,1.11,10,,,,,,,,,,,,,
196,595.39,54.48,34,1042.8,1.42,14,,,,,,,,,,,,,
197,765.29,34.68,28,1035.8,1.63,8,,,,,,,,,,,,,
198,803.06,26.79,34,1088.5,1.32,13,,,,,,,,,,,,,
199,654.76,161.46,22,1852,0.62,11,,,,,,,,,,,,,
200,602.3,46.51,26,1477.6,1.1,12,,,,,,,,,,,,,
201,481.49,27.42,33,1449.6,1.39,18,,,,,,,,,,,,,
202,546.14,28.96,36,1169,1.88,17,,,,,,,,,,,,,
203,429.58,25.81,37,1613.3,0.98,16,,,,,,,,,,,,,
204,443.75,14.97,30,1125.7,1.74,16,,,,,,,,,,,,,
205,322.17,20.84,30,1319.8,1.59,16,,,,,,,,,,,,,
206,546.17,42.55,30,1142.7,1.79,17,,,,,,,,,,,,,
207,561.64,32.08,39,1291.7,1.29,17,,,,,,,,,,,,,
208,467.29,42.49,48,891.8,1.97,24,,,,,,,,,,,,,
209,568.28,55.54,35,1173.6,1.86,19,,,,,,,,,,,,,
210,559.97,64.56,35,1017.4,1.5,20,,,,,,,,,,,,,
211,606.73,53.02,44,934.5,1.75,22,,,,,,,,,,,,,
212,807.31,47.34,29,1603.1,0.79,12,,,,,,,,,,,,,
213,757.59,21.87,26,1524.8,0.79,11,,,,,,,,,,,,,
214,448.16,30.67,34,1400,1.08,12,,,,,,,,,,,,,
215,526.9,19.52,29,1420.9,0.95,11,,,,,,,,,,,,,
216,816.28,29.2,19,1179.3,0.97,7,,,,,,,,,,,,,
217,632.37,75.24,33,1185.1,1.08,14,,,,,,,,,,,,,
218,488.7,29.31,34,963.3,2.38,15,,,,,,,,,,,,,
219,536.75,31.57,28,1003.2,2.05,15,,,,,,,,,,,,,
220,652.83,62.89,24,1025.8,2.34,11,,,,,,,,,,,,,
221,586.91,26.51,25,1529.2,1.4,11,,,,,,,,,,,,,
222,550.88,24.88,25,1210,1.35,14,,,,,,,,,,,,,
223,459.11,28.34,95,1694.6,0.71,44,,,,,,,,,,,,,
224,395.03,10.6,38,1204.6,1.6,15,,,,,,,,,,,,,
225,477.1,23.69,32,1336.5,1.19,15,,,,,,,,,,,,,
226,240.75,20.16,37,1455.1,1.62,17,,,,,,,,,,,,,
227,514.88,18.52,30,1568.1,1.19,16,,,,,,,,,,,,,
228,434.98,11.46,22,1092,3.29,6,,,,,,,,,,,,,
229,347.16,14.3,17,1281.4,2.48,6,,,,,,,,,,,,,
230,573.41,45.84,20,1152.1,3.02,7,,,,,,,,,,,,,
231,648.9,28.14,20,1054.6,3.24,7,,,,,,,,,,,,,
232,568.58,18.16,18,1017.9,3.39,8,,,,,,,,,,,,,
233,678.63,12.76,22,852.4,4.25,8,,,,,,,,,,,,,
234,630.66,62.07,15,1485.7,1.48,4,,,,,,,,,,,,,
235,606.51,18.38,22,1040.2,3.34,7,,,,,,,,,,,,,
236,515.76,26.29,14,1035.7,3.27,6,,,,,,,,,,,,,
237,600.41,8.09,17,929.8,3.53,3,,,,,,,,,,,,,
238,655.19,106.72,16,1393.8,1.95,10,,,,,,,,,,,,,
239,604.36,44.27,20,1054.7,2.95,10,,,,,,,,,,,,,
240,772.99,143.36,37,1454.8,0.57,16,,,,,,,,,,,,,
241,290.17,16.75,41,1682.1,1.38,17,,,,,,,,,,,,,
242,368.96,28.96,47,1094.5,1.49,19,,,,,,,,,,,,,
243,367.67,37.34,28,1205.6,1.56,14,,,,,,,,,,,,,
244,275.33,15.25,44,1573.3,1.25,20,,,,,,,,,,,,,
245,361.93,20.37,71,1151.4,1.42,34,,,,,,,,,,,,,
246,333.14,15.6,43,1101.1,1.93,19,,,,,,,,,,,,,
247,482.2,14.24,36,924.5,1.8,21,,,,,,,,,,,,,
248,478.61,31.64,41,1107.8,1.78,21,,,,,,,,,,,,,
249,247.39,4.71,37,1637,1.85,16,,,,,,,,,,,,,
250,347.1,14.66,46,1476.9,1.03,13,,,,,,,,,,,,,
251,394,31.09,46,1366.2,1.46,21,,,,,,,,,,,,,
252,415.69,22.06,45,881.7,2.06,18,,,,,,,,,,,,,
253,354.97,26.83,30,1234.1,1.85,14,,,,,,,,,,,,,
254,342.5,17.73,25,1477.5,1.25,11,,,,,,,,,,,,,
255,321.87,10.66,34,1061.3,2.46,15,,,,,,,,,,,,,
256,492.5,43.46,40,1222,1.58,17,,,,,,,,,,,,,
257,474.44,20.84,49,1011.2,2,22,,,,,,,,,,,,,
258,434.71,13.88,35,1014.6,1.88,17,,,,,,,,,,,,,
259,410.96,22.48,37,900.2,2.57,23,,,,,,,,,,,,,
260,524.5,33.77,42,920.7,1.89,18,,,,,,,,,,,,,
261,425.47,26.57,58,1371.2,1.29,31,,,,,,,,,,,,,
262,431.06,29.8,54,942.2,2.34,25,,,,,,,,,,,,,
263,383.4,28.12,48,1210.3,1.68,23,,,,,,,,,,,,,
264,418.87,24.29,51,1381.6,1.67,21,,,,,,,,,,,,,
265,514.55,18.86,42,1065.6,2,20,,,,,,,,,,,,,
266,528.05,39.81,39,1181.9,1.5,21,,,,,,,,,,,,,
267,351.56,15.54,57,900.2,2.09,26,,,,,,,,,,,,,
268,461.37,22.27,52,883.3,2.17,24,,,,,,,,,,,,,
269,521.02,51.89,53,1057.5,1.88,21,,,,,,,,,,,,,
270,418.15,31.14,60,1336.7,1.42,27,,,,,,,,,,,,,
271,355.83,19.01,65,1316.4,1.13,31,,,,,,,,,,,,,
272,416.96,23.41,62,1346.9,1.05,28,,,,,,,,,,,,,
273,428.26,53.04,57,1502.8,0.81,24,,,,,,,,,,,,,
274,408.12,9.35,54,1333,1.08,30,,,,,,,,,,,,,
275,345.09,20.86,76,1393.2,1.03,41,,,,,,,,,,,,,
276,284.26,12.66,59,1265.6,1.11,28,,,,,,,,,,,,,
277,378.05,24.87,46,1212.5,1.54,17,,,,,,,,,,,,,
278,562.36,46.78,25,947.4,1.67,19,,,,,,,,,,,,,
279,345.61,20.22,34,843.7,2.05,16,,,,,,,,,,,,,
280,425.27,22.99,67,1187.2,0.98,32,,,,,,,,,,,,,
281,433.43,22.81,33,1021.8,1.94,19,,,,,,,,,,,,,
282,476.75,29.45,53,1262.1,1.32,25,,,,,,,,,,,,,
283,441.16,20.21,48,1303.4,1.11,22,,,,,,,,,,,,,
284,457.01,18.3,54,1218.5,1.59,19,,,,,,,,,,,,,
285,408.18,13.97,49,1239.6,1.67,23,,,,,,,,,,,,,
286,310.28,20.02,46,1337.2,1.44,20,,,,,,,,,,,,,
287,228.17,11.49,51,1080.5,1.69,23,,,,,,,,,,,,,
288,559,37.61,38,1308.3,1.28,15,,,,,,,,,,,,,
289,444.18,21.23,49,893.9,2.29,22,,,,,,,,,,,,,
290,302.23,8.49,46,1411.9,1.32,23,,,,,,,,,,,,,
291,356.66,9.82,48,1263,1.36,22,,,,,,,,,,,,,
292,289.2,11.96,48,1146.6,1.54,25,,,,,,,,,,,,,
293,365.01,12.65,39,1410.8,1.35,18,,,,,,,,,,,,,
294,323.21,16.95,28,1176.4,1.88,11,,,,,,,,,,,,,
295,358.47,16.85,45,1237,1.22,19,,,,,,,,,,,,,
296,360.15,15.63,42,1268.3,1.64,23,,,,,,,,,,,,,
297,414.5,14.36,56,1348.1,1.26,25,,,,,,,,,,,,,
298,401.74,18.1,40,971.8,1.95,21,,,,,,,,,,,,,
299,455.08,12.75,42,940.8,1.92,24,,,,,,,,,,,,,
300,320.14,12.76,47,1369.1,1.33,27,,,,,,,,,,,,,
301,356.36,13.26,33,1126.6,1.24,11,,,,,,,,,,,,,
302,219.73,13.85,60,1348.2,1.1,31,,,,,,,,,,,,,
303,321.03,10.57,37,1318.3,0.87,16,,,,,,,,,,,,,
304,335.96,20.39,23,1193.5,0.99,7,,,,,,,,,,,,,
305,378.49,14.64,36,1304.5,0.97,10,,,,,,,,,,,,,
306,394.62,16.63,16,1363.8,0.68,8,,,,,,,,,,,,,
307,387.41,18.72,32,1499.3,0.73,13,,,,,,,,,,,,,
308,382.33,8.96,34,1322,0.9,16,,,,,,,,,,,,,
309,511.66,34.85,18,1525.6,0.57,7,,,,,,,,,,,,,
310,469.24,25.27,33,1421.3,0.69,11,,,,,,,,,,,,,
311,493.29,24.91,27,1240.4,0.73,12,,,,,,,,,,,,,
312,446.62,15.44,40,1394.8,0.64,16,,,,,,,,,,,,,
313,416.42,14.26,33,1479.5,0.7,17,,,,,,,,,,,,,
314,704.6,69.1,15,1264,0.61,5,,,,,,,,,,,,,
315,501.8,88.78,20,1377.3,0.76,8,,,,,,,,,,,,,
316,362.17,13.35,67,1477.5,1.25,27,,,,,,,,,,,,,
317,364.51,6.18,48,1101.8,1.45,25,,,,,,,,,,,,,
318,318.78,13.47,58,1492.8,1.23,28,,,,,,,,,,,,,
319,370.8,11.23,56,1317.1,1.53,27,,,,,,,,,,,,,
320,337.9,9.15,52,1342.5,1.55,26,,,,,,,,,,,,,
321,382.02,28.3,38,1070.8,1.69,21,,,,,,,,,,,,,
322,364.03,16.98,71,1168,1.28,32,,,,,,,,,,,,,
323,385.76,18.11,41,1156.3,1.52,23,,,,,,,,,,,,,
324,462.84,11.01,48,1403.7,0.85,18,,,,,,,,,,,,,
325,492.05,20.29,28,1412,0.88,12,,,,,,,,,,,,,
326,445.27,30.82,46,1489.5,0.87,23,,,,,,,,,,,,,
327,466.75,22.89,43,1216,1.01,19,,,,,,,,,,,,,
328,354.95,19.07,28,1334.1,1.31,11,,,,,,,,,,,,,
329,404.88,14.12,45,1487.3,0.89,17,,,,,,,,,,,,,
330,539.29,34.35,29,1375.5,0.86,14,,,,,,,,,,,,,
331,353.69,9.64,41,1474,0.93,20,,,,,,,,,,,,,
332,400.45,17.32,45,1438.3,0.79,18,,,,,,,,,,,,,
333,426.97,22.1,30,1301.3,0.86,10,,,,,,,,,,,,,
334,330.97,6.91,28,1425.7,1.17,12,,,,,,,,,,,,,
335,301.4,16.52,27,1709.1,0.78,10,,,,,,,,,,,,,
336,385.61,10.96,26,1377.7,1.2,10,,,,,,,,,,,,,
337,237.14,19.44,39,1473.1,0.91,21,,,,,,,,,,,,,
338,245.86,7.03,64,1554,0.98,29,,,,,,,,,,,,,
339,260.15,20.83,66,1500.3,0.82,32,,,,,,,,,,,,,
340,300.61,14.51,43,1458.2,1.1,20,,,,,,,,,,,,,
341,279.12,7.28,33,1385.5,1.12,11,,,,,,,,,,,,,
342,346.09,14.66,42,1410.7,1.36,20,,,,,,,,,,,,,
343,443.52,14.6,35,1122.6,2.69,14,,,,,,,,,,,,,
344,338.48,9.19,70,1291,1.64,32,,,,,,,,,,,,,
345,443.03,29.66,54,1104.1,2.43,28,,,,,,,,,,,,,
346,383.2,16.94,52,1215.4,2.05,30,,,,,,,,,,,,,
347,311.64,11.79,53,1230.8,1.41,24,,,,,,,,,,,,,
348,315.74,16.94,52,1249.5,1.31,28,,,,,,,,,,,,,
349,324.92,14,40,1591.6,1.32,20,,,,,,,,,,,,,
350,265.72,17.15,39,1630.5,1.32,15,,,,,,,,,,,,,
351,295.29,9.22,28,1497.6,1.52,11,,,,,,,,,,,,,
352,291.44,9.12,58,1328.4,1.51,22,,,,,,,,,,,,,
353,237.94,5.64,45,1478.2,1.31,18,,,,,,,,,,,,,
354,325.98,13.48,47,1150.3,1.84,26,,,,,,,,,,,,,
355,361.71,15.17,46,1407.8,1.91,18,,,,,,,,,,,,,
356,289.45,8.28,51,1218.7,1.72,19,,,,,,,,,,,,,
357,343.29,21.9,54,1883.1,1.59,26,,,,,,,,,,,,,
358,347.59,14.29,48,1220.7,2.06,23,,,,,,,,,,,,,
359,325.4,10.7,88,1841.6,1.07,31,,,,,,,,,,,,,
360,398.59,21.51,50,1664.1,1.29,20,,,,,,,,,,,,,
361,455.73,29.23,64,2337.8,0.63,30,,,,,,,,,,,,,
362,440.4,28.59,68,2505.3,0.69,37,,,,,,,,,,,,,
363,492.31,34.64,111,2974.1,0.4,50,,,,,,,,,,,,,
364,375.17,22.97,130,2474.8,0.58,58,,,,,,,,,,,,,
365,357.34,11.14,46,1433.3,1.44,20,,,,,,,,,,,,,
366,245.24,5.02,34,1578,0.98,18,,,,,,,,,,,,,
367,258.2,7.37,24,1420.8,1.21,11,,,,,,,,,,,,,
368,262.29,10.43,20,1435.8,1.1,9,,,,,,,,,,,,,
369,213.75,5.69,43,1521.4,0.9,17,,,,,,,,,,,,,
370,299.68,10.46,27,1424.1,1.07,10,,,,,,,,,,,,,
371,245.52,10.03,42,1467.1,0.99,19,,,,,,,,,,,,,
372,318.99,4.94,31,1192.7,0.94,14,,,,,,,,,,,,,
373,224.29,8.35,31,1324.4,1.15,15,,,,,,,,,,,,,
374,248.65,2.58,34,1266.9,1.27,12,,,,,,,,,,,,,
375,202.72,5.05,38,1316.8,1.11,16,,,,,,,,,,,,,
376,196.24,5.12,32,1557.1,1.11,13,,,,,,,,,,,,,
377,156.26,16.91,83,1669.7,0.8,34,,,,,,,,,,,,,
378,220.71,3.57,43,1573.4,1.09,19,,,,,,,,,,,,,
379,261.61,7.69,27,1629.5,0.93,12,,,,,,,,,,,,,
380,207.15,3.21,30,1594.8,1.03,14,,,,,,,,,,,,,
381,235.61,10.48,32,1388.9,1,18,,,,,,,,,,,,,
382,200.89,3.88,30,1376.4,1.2,8,,,,,,,,,,,,,
383,182.54,3.73,32,1431.5,0.9,14,,,,,,,,,,,,,
384,177.57,12.62,26,1554.6,0.99,13,,,,,,,,,,,,,
385,129.01,9.13,39,1475.4,1.16,15,,,,,,,,,,,,,
386,565.84,72.95,107,3229,0.16,37,,,,,,,,,,,,,
387,285.96,6.19,25,1420.1,1.09,8,,,,,,,,,,,,,
388,336.55,15.82,28,1442.1,0.74,10,,,,,,,,,,,,,
389,279.42,9.48,23,1587,0.63,8,,,,,,,,,,,,,
390,380.27,10.7,16,1404.4,0.83,5,,,,,,,,,,,,,
391,347.87,2.79,17,1293.3,0.83,8,,,,,,,,,,,,,
392,354.79,4.16,19,1286.6,1.08,6,,,,,,,,,,,,,
393,167.78,2.69,26,1005.7,1.57,9,,,,,,,,,,,,,
394,213.84,9.82,25,1391.5,1.33,9,,,,,,,,,,,,,
395,210.61,23.06,19,1565.7,1.31,9,,,,,,,,,,,,,
396,353.1,7.06,11,1599.4,1.34,3,,,,,,,,,,,,,
397,603.52,71.48,74,2743.7,0.31,26,,,,,,,,,,,,,
398,398.8,79.22,49,1587.9,1.28,24,,,,,,,,,,,,,
399,318.33,13.88,43,2221.9,0.64,15,,,,,,,,,,,,,
400,247.53,11.99,32,1322.9,0.96,14,,,,,,,,,,,,,
401,296.79,24.71,30,1314.6,0.92,11,,,,,,,,,,,,,
402,354.47,13.29,47,1396.3,1.26,22,,,,,,,,,,,,,
403,289.33,7.03,36,1247.3,1.05,13,,,,,,,,,,,,,
404,259.6,7.42,37,1521.6,1.01,12,,,,,,,,,,,,,
405,277.07,7.06,13,1420,1.11,5,,,,,,,,,,,,,
406,242.49,13.24,15,1623.5,1.04,7,,,,,,,,,,,,,
407,256.42,15.01,26,1549.5,1,10,,,,,,,,,,,,,
408,336.27,16.16,39,1529.5,0.74,19,,,,,,,,,,,,,
409,229.74,3.42,19,1666.9,0.98,9,,,,,,,,,,,,,
410,250.83,4.78,17,1358.4,1.09,5,,,,,,,,,,,,,
411,284.43,11.92,20,1377.7,1.19,6,,,,,,,,,,,,,
412,927.71,105.41,41,1413.9,0.56,18,,,,,,,,,,,,,
413,323.03,15.03,33,1039.9,1.11,11,,,,,,,,,,,,,
414,314.04,4.08,12,937.3,2.1,3,,,,,,,,,,,,,
415,279.17,7.39,15,859.8,2.29,6,,,,,,,,,,,,,
416,291.95,20.26,37,1392.6,1.1,17,,,,,,,,,,,,,
417,284.31,10.23,29,1347.7,1.49,10,,,,,,,,,,,,,
418,241.61,5.51,14,1882.1,0.91,3,,,,,,,,,,,,,
419,250.37,3.34,7,2132.1,0.8,1,,,,,,,,,,,,,
420,203.46,4.88,25,2165,0.58,5,,,,,,,,,,,,,
421,332.48,12.24,13,1752,1,6,,,,,,,,,,,,,
422,243.13,3.41,20,1290.7,1.05,8,,,,,,,,,,,,,
423,319.07,20.91,35,1561.5,1.16,14,,,,,,,,,,,,,
424,346.02,17.57,35,1296,1.91,13,,,,,,,,,,,,,
425,346.52,8.29,20,1319.5,1.92,6,,,,,,,,,,,,,
426,331.35,10.5,32,1349.6,1.46,11,,,,,,,,,,,,,
427,323.68,5.12,33,1048.4,2.34,12,,,,,,,,,,,,,
428,323.85,15.48,21,1332.4,1.75,7,,,,,,,,,,,,,
429,603.43,53.35,34,1547.7,0.95,13,,,,,,,,,,,,,
430,393.77,22.82,53,1511.7,0.86,31,,,,,,,,,,,,,
431,424.89,13.74,33,1414.2,1.03,9,,,,,,,,,,,,,
432,468.97,12.48,35,1248.8,1.42,13,,,,,,,,,,,,,
433,514.4,37.4,44,1344.8,1.16,21,,,,,,,,,,,,,
434,609.43,75.44,31,1391.7,0.97,16,,,,,,,,,,,,,
435,585.3,32.08,47,1309.1,1.34,19,,,,,,,,,,,,,
436,530.19,42.86,41,1526.5,1.37,12,,,,,,,,,,,,,
437,315.03,32.67,52,1395.7,1.82,20,,,,,,,,,,,,,
438,393.98,17.35,29,1398.6,1.28,8,,,,,,,,,,,,,
439,603.95,51.18,36,1387.8,1.29,15,,,,,,,,,,,,,
440,523.66,52.72,40,1592.2,0.92,16,,,,,,,,,,,,,
441,465.85,29.95,28,1420.2,1.27,17,,,,,,,,,,,,,
442,538.56,34.77,28,1303.9,1.57,10,,,,,,,,,,,,,
443,411.87,28.72,47,1408.4,1.25,24,,,,,,,,,,,,,
444,391.04,17.06,31,1234.8,1.71,13,,,,,,,,,,,,,
445,631.37,16.16,20,1168.5,2.37,4,,,,,,,,,,,,,
446,505.33,55.07,24,1332.3,1.65,14,,,,,,,,,,,,,
447,602.55,36.33,38,1227.6,1.77,14,,,,,,,,,,,,,
448,389.69,27.01,31,1691.9,1.34,12,,,,,,,,,,,,,
449,411.3,18.65,64,1312.9,1.24,25,,,,,,,,,,,,,
450,496.94,29.85,49,1499.6,1.07,22,,,,,,,,,,,,,
451,497.76,27.4,35,1342.3,1.32,14,,,,,,,,,,,,,
452,533.03,21.63,42,1284.2,1.39,18,,,,,,,,,,,,,
453,613.91,41.63,21,1191.6,2,8,,,,,,,,,,,,,
454,505.36,20.58,34,1603.8,1.06,15,,,,,,,,,,,,,
455,606.31,67.44,23,1222.6,2.27,10,,,,,,,,,,,,,
456,538.74,17.01,28,1356.2,1.59,11,,,,,,,,,,,,,
457,472.59,31.33,41,1423.4,1.12,16,,,,,,,,,,,,,
458,544.28,32.29,33,1580.5,1.31,15,,,,,,,,,,,,,
459,483.81,61.44,49,1603.9,1.15,21,,,,,,,,,,,,,
460,510.99,42.63,33,1322.3,1.59,14,,,,,,,,,,,,,
461,575.43,24.94,23,1081.4,2.33,8,,,,,,,,,,,,,
462,318.82,11.51,30,1457.3,1.19,12,,,,,,,,,,,,,
463,278.91,10.94,22,1304.5,1.24,9,,,,,,,,,,,,,
464,266.11,3.93,12,1227.9,1.15,5,,,,,,,,,,,,,
465,282.41,15.58,36,1343.3,1.23,13,,,,,,,,,,,,,
466,648.28,79.18,45,1473.2,1.21,21,,,,,,,,,,,,,
467,609.42,26.8,30,1335.6,1.59,15,,,,,,,,,,,,,
468,585.55,50.31,36,1309.1,1.29,14,,,,,,,,,,,,,
469,523.94,25.24,33,1398,1.38,18,,,,,,,,,,,,,
470,445.56,34.96,43,1324.4,1.58,13,,,,,,,,,,,,,
471,596.36,50.25,36,1469.7,1.01,19,,,,,,,,,,,,,
472,579.63,37.8,41,1282.6,1.32,19,,,,,,,,,,,,,
473,650.04,36.13,37,1584.7,1.23,11,,,,,,,,,,,,,
474,587.89,55.88,30,1486.8,1.12,14,,,,,,,,,,,,,
475,547.69,30.96,57,1464.9,0.86,29,,,,,,,,,,,,,
476,463.97,39.63,58,1507.3,0.83,29,,,,,,,,,,,,,
477,543.76,39.74,37,1569.4,1.06,14,,,,,,,,,,,,,
478,557.4,44.45,32,1468.7,1.49,15,,,,,,,,,,,,,
479,392.36,13.69,47,1574.2,1.17,15,,,,,,,,,,,,,
480,718.12,74.42,25,1361.7,1.66,13,,,,,,,,,,,,,
481,705.42,90.57,25,1531.5,1.32,10,,,,,,,,,,,,,
482,717.42,48.94,25,1388.2,1.69,10,,,,,,,,,,,,,
483,513.2,37.69,27,1200.5,2.09,11,,,,,,,,,,,,,
484,402.99,16.86,60,1508,0.97,25,,,,,,,,,,,,,
485,644.79,59.68,43,1463.4,1.24,17,,,,,,,,,,,,,
486,442.21,52.43,44,1705.2,0.93,19,,,,,,,,,,,,,
487,730.5,67.21,17,1215.9,2.14,6,,,,,,,,,,,,,
488,751.82,60.84,26,1338.1,2.08,6,,,,,,,,,,,,,
489,692.52,28.59,21,1374.1,2.07,10,,,,,,,,,,,,,
490,689.38,62.45,26,1354.3,1.93,8,,,,,,,,,,,,,
491,643.18,23.99,28,1465.1,1.55,10,,,,,,,,,,,,,
492,557.69,32.18,43,1341,1.71,16,,,,,,,,,,,,,
493,666.49,109.16,23,1400.3,1.49,10,,,,,,,,,,,,,
494,511.09,67.44,36,1371.1,1.46,21,,,,,,,,,,,,,
495,506.18,65.12,23,1675.4,1.18,11,,,,,,,,,,,,,
496,628.48,67.79,24,1533.3,1.27,16,,,,,,,,,,,,,
497,617.63,19.89,17,1422.4,1.53,7,,,,,,,,,,,,,
498,378.02,24.22,54,1553.5,1,21,,,,,,,,,,,,,
499,358.85,21.62,55,1491.6,0.65,25,,,,,,,,,,,,,
500,384.2,29.9,47,1352.7,0.87,21,,,,,,,,,,,,,
501,262.54,11.09,35,1431.7,1.34,15,,,,,,,,,,,,,
502,203.41,22.89,35,1611.3,1.04,14,,,,,,,,,,,,,
503,327.03,5.27,16,1285.5,1.28,3,,,,,,,,,,,,,
504,396.29,13.84,59,1393.5,1.01,26,,,,,,,,,,,,,
505,713.29,76,44,1419.2,1.28,22,,,,,,,,,,,,,
506,808.34,39.24,36,1398.3,1.21,16,,,,,,,,,,,,,
507,841.92,25.4,20,1538.7,1.39,10,,,,,,,,,,,,,
508,755.77,31.3,18,1645.6,1.41,7,,,,,,,,,,,,,
509,248.44,13.2,61,1225.6,1.28,25,,,,,,,,,,,,,
510,837.08,85.74,29,1548.4,1.08,11,,,,,,,,,,,,,
511,814.93,105.71,35,1673.5,1.09,13,,,,,,,,,,,,,
512,821.41,65.58,36,1486.2,1.34,17,,,,,,,,,,,,,
513,638.11,59.27,31,1481,1.64,14,,,,,,,,,,,,,
514,579.99,15.14,28,1497.4,1.36,14,,,,,,,,,,,,,
515,549.73,72.1,51,1842.7,0.88,25,,,,,,,,,,,,,
516,876.2,81.98,29,1609.2,1.07,13,,,,,,,,,,,,,
517,781.85,68.22,27,1500.9,1.15,14,,,,,,,,,,,,,
518,773.5,38.93,44,1320.7,1.06,23,,,,,,,,,,,,,
519,794.64,51.14,42,1620.8,0.9,22,,,,,,,,,,,,,
520,671.56,52.42,55,1498.3,1.19,19,,,,,,,,,,,,,
521,672.04,67.56,52,1475.2,0.89,19,,,,,,,,,,,,,
522,1013.4,80.99,33,1503.3,1.09,16,,,,,,,,,,,,,
523,1175.31,94.25,33,1549.5,1.12,11,,,,,,,,,,,,,
524,1121.02,68.24,24,1579.1,1.07,11,,,,,,,,,,,,,
525,1027.75,74.72,23,1418,1.27,5,,,,,,,,,,,,,
526,438.23,54.51,63,1233,1.29,32,,,,,,,,,,,,,
527,384.69,16.28,53,1243,1.48,27,,,,,,,,,,,,,
528,676.97,81.21,49,1434.4,0.81,18,,,,,,,,,,,,,
529,543.19,57.43,46,1766.8,0.7,18,,,,,,,,,,,,,
530,908.7,270.03,11,1511.8,1.37,5,,,,,,,,,,,,,
531,807.79,32.54,24,1548.3,0.9,11,,,,,,,,,,,,,
532,485.58,59.7,64,1425.1,1.07,27,,,,,,,,,,,,,
533,772.26,67.96,22,1515.5,1.13,10,,,,,,,,,,,,,
534,574.39,17.75,44,1330.2,1.1,18,,,,,,,,,,,,,
535,729.4,72.03,28,1618.1,0.84,12,,,,,,,,,,,,,
536,713.04,35.34,38,1517.6,1.06,14,,,,,,,,,,,,,
537,623.22,30.57,35,1573.9,0.94,14,,,,,,,,,,,,,
538,398.93,20.7,52,1372.9,1.32,2,,,,,,,,,,,,,
539,369.92,11.77,31,1584,1.18,10,,,,,,,,,,,,,
540,285.75,13.89,41,1480.4,1.19,16,,,,,,,,,,,,,
541,285.47,11.41,33,1635.3,0.87,13,,,,,,,,,,,,,
542,465.64,24.01,42,1699,0.92,19,,,,,,,,,,,,,
543,627.65,48.66,42,1565.7,1.1,18,,,,,,,,,,,,,
544,344.18,26.7,63,1528.8,0.9,26,,,,,,,,,,,,,
545,332.65,10.92,66,1406.5,1,30,,,,,,,,,,,,,
546,392.16,13.49,86,1851.4,0.64,42,,,,,,,,,,,,,
547,325.58,13.7,52,1690.8,0.78,21,,,,,,,,,,,,,
548,241.46,17.09,21,2062,0.86,9,,,,,,,,,,,,,
549,609.01,60.73,51,1613.5,0.82,17,,,,,,,,,,,,,
550,311.73,5.68,62,1305,1.4,25,,,,,,,,,,,,,
551,299.69,4.2,48,1300.6,1.11,25,,,,,,,,,,,,,
552,273.43,13.49,76,1970.6,0.9,36,,,,,,,,,,,,,
553,217.27,6.33,28,1247.9,1.79,10,,,,,,,,,,,,,
554,504.44,23.55,47,1609.2,0.61,16,,,,,,,,,,,,,
555,475.1,37.8,44,1730.7,0.52,23,,,,,,,,,,,,,
556,479.86,26.39,57,1735.6,0.47,23,,,,,,,,,,,,,
557,386.78,29.95,68,1548.1,0.71,35,,,,,,,,,,,,,
558,467.65,37.17,61,1715.9,0.53,24,,,,,,,,,,,,,
559,406.38,21.94,38,1812.1,0.55,16,,,,,,,,,,,,,
560,419.69,15.86,49,1519.7,0.86,16,,,,,,,,,,,,,
561,389.8,23.52,59,1633.4,0.83,28,,,,,,,,,,,,,
562,353.92,21.46,46,1548.1,1.02,21,,,,,,,,,,,,,
563,375.11,8.16,33,1466.5,1.27,9,,,,,,,,,,,,,
564,298.05,24.74,56,1397.7,0.93,30,,,,,,,,,,,,,
565,353.05,25.55,21,1747.5,0.86,11,,,,,,,,,,,,,
566,295.26,12.29,38,1565.5,1.04,18,,,,,,,,,,,,,
567,330.43,12.24,31,1246.8,1.17,11,,,,,,,,,,,,,
568,277.16,13.49,50,2172.6,0.62,19,,,,,,,,,,,,,
569,309.74,29.09,32,1647.5,0.92,14,,,,,,,,,,,,,
570,346.22,14.03,74,1773.5,0.71,33,,,,,,,,,,,,,
571,427.72,10.75,29,1532.7,0.71,9,,,,,,,,,,,,,
572,382.36,28.98,39,1439,1.08,17,,,,,,,,,,,,,
573,433.56,29.15,48,1449,1.46,19,,,,,,,,,,,,,
574,246.9,12.08,43,1706.8,1.06,13,,,,,,,,,,,,,
575,316.73,12.26,37,1636.1,1.06,19,,,,,,,,,,,,,
576,652.83,46.82,39,1478.6,0.78,21,,,,,,,,,,,,,
577,488.36,36.43,19,1694.4,1.07,7,,,,,,,,,,,,,
578,389.98,23.38,28,1725.3,0.72,11,,,,,,,,,,,,,
579,276.65,13.65,29,1458.8,1.04,14,,,,,,,,,,,,,
580,356.46,8.96,19,1360.8,1.18,11,,,,,,,,,,,,,
581,495.11,30.47,56,1541.1,0.76,24,,,,,,,,,,,,,
582,538.32,19.82,47,1645.3,0.63,19,,,,,,,,,,,,,
583,549.39,39.33,44,1750,0.55,21,,,,,,,,,,,,,
584,459.2,45.32,36,1741.4,1.1,11,,,,,,,,,,,,,
585,409.9,29.35,23,1510.9,1.13,7,,,,,,,,,,,,,
586,338.37,13.99,45,1685.6,0.87,15,,,,,,,,,,,,,
587,484.77,141.5,25,1455.1,0.98,14,,,,,,,,,,,,,
588,498.69,55.49,24,1529.5,0.61,11,,,,,,,,,,,,,
589,377.08,22.55,33,1779,0.92,16,,,,,,,,,,,,,
590,244.75,4.27,29,1290.9,1.07,11,,,,,,,,,,,,,
591,314.11,11.34,33,1587.7,1.09,14,,,,,,,,,,,,,
592,235.69,15.26,24,1855.1,1.29,8,,,,,,,,,,,,,
593,252.48,13.7,18,2206.3,0.87,10,,,,,,,,,,,,,
594,297.67,11.71,67,1750.4,0.85,30,,,,,,,,,,,,,
595,282.79,5.71,37,1935.5,0.76,18,,,,,,,,,,,,,
596,315.2,13.71,13,1608.6,0.84,4,,,,,,,,,,,,,
597,322.06,16.26,61,1951.1,0.6,24,,,,,,,,,,,,,
598,417.87,40.07,24,1641.2,1.14,9,,,,,,,,,,,,,
599,254.25,9.36,21,1737.4,1.01,9,,,,,,,,,,,,,
600,423,27.99,68,1757.8,0.8,26,,,,,,,,,,,,,
601,735.12,69.89,24,1531.5,1.32,8,,,,,,,,,,,,,
602,518.06,50.5,31,1367.5,1.33,10,,,,,,,,,,,,,
603,386.99,25.98,42,1356.7,1.14,18,,,,,,,,,,,,,
604,465.29,28.81,41,1678.7,1.08,12,,,,,,,,,,,,,
605,573.5,93.28,28,1572.4,1.06,11,,,,,,,,,,,,,
606,587.74,30.93,21,1376.7,1.19,10,,,,,,,,,,,,,
607,557.37,27.58,22,1328,1.23,9,,,,,,,,,,,,,
608,366.98,32.16,65,1493.6,1.1,23,,,,,,,,,,,,,
609,528.38,51.65,30,1530.8,0.66,12,,,,,,,,,,,,,
610,639.1,62.89,42,1375.1,0.92,14,,,,,,,,,,,,,
611,721.32,60.61,26,1791.8,0.61,12,,,,,,,,,,,,,
612,582.9,65.06,36,1620.5,0.84,17,,,,,,,,,,,,,
613,480.66,60.34,36,1409.4,1.37,12,,,,,,,,,,,,,
614,1181.53,37.34,13,1643.1,0.44,8,,,,,,,,,,,,,
615,714.78,118.31,20,1653,0.88,9,,,,,,,,,,,,,
616,408.7,83.33,38,1459.7,0.99,18,,,,,,,,,,,,,
617,338.06,23.03,41,1601,0.97,16,,,,,,,,,,,,,
618,390.31,13.99,31,1308.7,1.12,16,,,,,,,,,,,,,
619,276.42,10.64,46,1996,1.14,16,,,,,,,,,,,,,
620,610.06,41.59,55,1603.8,0.8,20,,,,,,,,,,,,,
621,470.8,61.89,45,1424.8,0.79,23,,,,,,,,,,,,,
622,528.49,32.59,54,1562.5,0.68,20,,,,,,,,,,,,,
623,464.14,27.68,50,1549,0.59,25,,,,,,,,,,,,,
624,418.45,41.18,67,1703.1,0.61,32,,,,,,,,,,,,,
625,479.71,33.74,39,1655.3,0.57,18,,,,,,,,,,,,,
626,388.94,17.11,40,1573.6,0.64,18,,,,,,,,,,,,,
627,428.39,29.46,41,1619.7,0.57,21,,,,,,,,,,,,,
628,415.98,35,39,1434,0.98,18,,,,,,,,,,,,,
629,342.81,15.4,36,1435.6,1.18,16,,,,,,,,,,,,,
630,283.86,20.16,30,1131.7,1.42,12,,,,,,,,,,,,,
631,261.5,10.67,29,1348.6,1.33,13,,,,,,,,,,,,,
632,216.97,5.73,24,1524.1,1.08,14,,,,,,,,,,,,,
633,388.16,15.84,72,1900.7,0.83,30,,,,,,,,,,,,,
634,154.21,6.93,23,1479,1.03,10,,,,,,,,,,,,,
635,562.73,65.53,24,1610.5,1.04,6,,,,,,,,,,,,,
636,361.7,83.86,65,1581.2,0.67,28,,,,,,,,,,,,,
637,463.89,33.67,62,1434.7,0.73,22,,,,,,,,,,,,,
638,414.88,45.87,38,1708.4,0.55,19,,,,,,,,,,,,,
639,392.64,28.77,45,1729.3,0.68,23,,,,,,,,,,,,,
640,406.38,19.14,45,1526.4,0.65,15,,,,,,,,,,,,,
641,385.15,26.53,28,1498,0.47,12,,,,,,,,,,,,,
642,400.48,36.61,22,1746.6,0.81,12,,,,,,,,,,,,,
643,270.97,8.29,35,1707.4,0.89,15,,,,,,,,,,,,,
644,324.43,5.26,34,1252.9,1.12,15,,,,,,,,,,,,,
645,232.03,5.14,50,1766.5,0.68,19,,,,,,,,,,,,,
646,231.4,19.43,96,1630.6,0.65,47,,,,,,,,,,,,,
647,358.67,14.1,61,1511.3,0.62,25,,,,,,,,,,,,,
648,463.5,20.86,66,1492.4,0.54,36,,,,,,,,,,,,,
649,477.72,65.74,22,1574.1,1.09,8,,,,,,,,,,,,,
650,396.69,33.47,29,1630,1.2,12,,,,,,,,,,,,,
651,800.88,88.23,9,1447.9,1.6,4,,,,,,,,,,,,,
652,527.17,27.1,27,1350.9,0.89,12,,,,,,,,,,,,,
653,494.13,39.63,29,1679.2,0.86,11,,,,,,,,,,,,,
654,450.45,17.67,39,1699.1,0.94,21,,,,,,,,,,,,,
655,350.48,12.98,51,1710.5,0.85,22,,,,,,,,,,,,,
656,265.22,12.82,68,1652.1,0.77,27,,,,,,,,,,,,,
657,231.09,19.1,43,1529.3,0.93,23,,,,,,,,,,,,,
658,240.22,8.53,40,1185,1.28,20,,,,,,,,,,,,,
659,288.91,7.67,57,1640.7,0.84,28,,,,,,,,,,,,,
660,488.76,19.6,30,1487.6,1.09,10,,,,,,,,,,,,,
661,462.44,24.38,30,1455.1,0.93,16,,,,,,,,,,,,,
662,306.64,7.55,36,1518.4,1.33,15,,,,,,,,,,,,,
663,229.35,6.84,37,1598.4,1.17,14,,,,,,,,,,,,,
664,291.89,9.32,47,1315.6,1.35,21,,,,,,,,,,,,,
665,184.15,6.06,58,1452.8,1.21,23,,,,,,,,,,,,,
666,249.03,7.8,60,2617,0.47,26,,,,,,,,,,,,,
667,323.08,13.24,30,1951.9,0.73,10,,,,,,,,,,,,,
668,260.92,5.15,32,1989.8,0.72,12,,,,,,,,,,,,,
669,212.62,4.48,30,1834.9,0.66,13,,,,,,,,,,,,,
670,251.58,7.21,70,1739.3,0.62,28,,,,,,,,,,,,,
671,227.33,4.9,65,1522.8,0.82,26,,,,,,,,,,,,,
672,285.49,7.69,31,1439.8,0.69,18,,,,,,,,,,,,,
673,262.97,5.4,61,1830.5,0.57,29,,,,,,,,,,,,,
674,247.52,5,33,1718.9,0.63,11,,,,,,,,,,,,,
675,274.58,6.44,24,1345.2,0.96,11,,,,,,,,,,,,,
676,205.97,4.83,52,1383.5,0.92,21,,,,,,,,,,,,,
677,318.42,16.44,75,2092.5,0.35,30,,,,,,,,,,,,,
678,244.83,13.95,53,1290.5,0.9,29,,,,,,,,,,,,,
679,466.86,36.74,86,2112.6,0.36,37,,,,,,,,,,,,,
680,443.25,28.55,51,1816.1,0.37,20,,,,,,,,,,,,,
681,350.17,20.21,56,1884.9,0.42,27,,,,,,,,,,,,,
682,376.43,14.03,45,1549.3,0.57,15,,,,,,,,,,,,,
683,336.71,5.43,35,1554.9,0.57,20,,,,,,,,,,,,,
684,522.31,27.4,42,2082.9,0.31,15,,,,,,,,,,,,,
685,615.97,18.47,34,1741.1,0.33,17,,,,,,,,,,,,,
686,426.06,31.86,48,1606.8,0.41,30,,,,,,,,,,,,,
687,421,10.45,39,1554.2,0.42,12,,,,,,,,,,,,,
688,434.08,16.26,84,2052.2,0.32,39,,,,,,,,,,,,,
689,574.41,65.95,101,2123.3,0.31,43,,,,,,,,,,,,,
690,402.43,38.1,86,1969.1,0.35,40,,,,,,,,,,,,,
691,132.58,2.08,31,2084,0.95,8,,,,,,,,,,,,,
692,1065.65,284.42,191,3553.1,0.06,43,,,,,,,,,,,,,
693,270.12,10.96,10,2296.5,0.86,2,,,,,,,,,,,,,
694,1153.62,330.11,183,3429.1,0.07,43,,,,,,,,,,,,,
695,159.93,3.51,12,2414.8,0.92,4,,,,,,,,,,,,,
696,235.7,2.08,13,1724.6,1.24,5,,,,,,,,,,,,,
697,197.39,2.26,12,1556.7,1.21,3,,,,,,,,,,,,,
698,149.78,1.79,22,1547.9,1.11,10,,,,,,,,,,,,,
699,191.34,1.45,21,1590,1.02,9,,,,,,,,,,,,,
700,213.65,2.2,14,1803.5,0.87,5,,,,,,,,,,,,,
701,182.04,5.92,9,1828.6,1.2,3,,,,,,,,,,,,,